id,title,source_type,year,credibility_1to5,recency_1to5,bias_1to5,how_used,url
R12,Methodological issues related to the use of online labour market data,International Labour Organization working paper,2022,5,3,2,Nonrepresentativeness and dataset fluctuation caveats,https://www.ilo.org/publications/methodological-issues-related-use-online-labour-market-data
R13,An assessment of the impact of COVID-19 on job and skills demand using online job vacancy data,OECD report,2021,5,3,2,Posting data are partial indicators and can be occupationally skewed,https://www.oecd.org/content/dam/oecd/en/publications/reports/2021/04/an-assessment-of-the-impact-of-covid-19-on-job-and-skills-demand-using-online-job-vacancy-data_ad47b7c3/20fff09e-en.pdf
R14,How well do online job postings match national sources in large English-speaking countries,OECD working paper,2024,5,4,2,Cross-check methodology; geography and occupational limits,https://www.oecd.org/en/publications/how-well-do-online-job-postings-match-national-sources-in-large-english-speaking-countries_c17cae09-en.html
R15,Using Adzuna data to derive an indicator of weekly vacancies,UK Office for National Statistics methodology,2022,5,3,2,Ad-vacancy distinction and deduplication sensitivity,https://www.ons.gov.uk/peoplepopulationandcommunity/healthandsocialcare/conditionsanddiseases/methodologies/usingadzunatdatatoderiveanindicatorofweeklyvacanciesexperimentalstatistics
R16,SkillSpan: Hard and Soft Skill Extraction from English Job Postings,NAACL paper and dataset,2022,4,3,2,Human annotation/evaluation precedent for skill phrase extraction,https://aclanthology.org/2022.naacl-main.366/
R17,Skill Extraction from Job Postings using Weak Supervision,Research paper,2022,4,3,2,Taxonomy-based weak supervision as a future baseline,https://arxiv.org/abs/2209.08071
R18,Combining Embeddings and Domain Knowledge for Job Posting Duplicate Detection,Research preprint,2024,3,4,3,Future duplicate detection methods; not implemented in current SAS program,https://arxiv.org/abs/2406.06257
R19,A Traveler's Guide to the Multiverse: Promises, Pitfalls, and a Framework for the Evaluation of Analytic Decisions,Peer-reviewed methods paper,2021,4,4,2,Scenario selection should be principled and documented,https://journals.sagepub.com/doi/10.1177/2515245920954925
R20,Specification curve analysis,Nature Human Behaviour methods paper,2020,5,3,2,Transparent comparison of defensible specifications,https://www.nature.com/articles/s41562-020-0912-z
R21,Modeling the Dashboard Provenance,Visualization research paper,2023,3,3,2,Dashboard source/run provenance display pattern,https://arxiv.org/abs/2308.06788
R22,How visualizing inferential uncertainty can mislead readers about treatment effects in scientific results,CHI paper,2020,4,3,2,Do not hide distinctions between estimate uncertainty and outcome variation,https://www.microsoft.com/en-us/research/publication/how-visualizing-inferential-uncertainty-can-mislead-readers-about-treatment-effects-in-scientific-results/
